{
	"IcoMoonType": "selection",
	"icons": [
		{
			"icon": {
				"width": 950.8563512165565,
				"paths": [
					"M658.286 475.429q0-105.714-75.143-180.857t-180.857-75.143-180.857 75.143-75.143 180.857 75.143 180.857 180.857 75.143 180.857-75.143 75.143-180.857zM950.857 950.857q0 29.714-21.714 51.429t-51.429 21.714q-30.857 0-51.429-21.714l-196-195.429q-102.286 70.857-228 70.857-81.714 0-156.286-31.714t-128.571-85.714-85.714-128.571-31.714-156.286 31.714-156.286 85.714-128.571 128.571-85.714 156.286-31.714 156.286 31.714 128.571 85.714 85.714 128.571 31.714 156.286q0 125.714-70.857 228l196 196q21.143 21.143 21.143 51.429z"
				],
				"attrs": [],
				"isMulticolor": false,
				"tags": [
					"search"
				],
				"defaultCode": 61442,
				"grid": 14
			},
			"attrs": [],
			"properties": {
				"id": 0,
				"order": 6,
				"name": "search",
				"prevSize": 14,
				"code": 61442
			},
			"setIdx": 0,
			"setId": 3,
			"iconIdx": 0
		},
		{
			"icon": {
				"width": 1024.0000610351562,
				"paths": [
					"M954.857 323.429q0 22.857-16 38.857l-491.429 491.429q-16 16-38.857 16t-38.857-16l-284.571-284.571q-16-16-16-38.857t16-38.857l77.714-77.714q16-16 38.857-16t38.857 16l168 168.571 374.857-375.429q16-16 38.857-16t38.857 16l77.714 77.714q16 16 16 38.857z"
				],
				"attrs": [],
				"isMulticolor": false,
				"tags": [
					"check"
				],
				"defaultCode": 61452,
				"grid": 14
			},
			"attrs": [],
			"properties": {
				"id": 1,
				"order": 5,
				"name": "check",
				"prevSize": 14,
				"code": 61452
			},
			"setIdx": 0,
			"setId": 3,
			"iconIdx": 1
		},
		{
			"icon": {
				"width": 804.5720672607422,
				"paths": [
					"M741.714 755.429q0 22.857-16 38.857l-77.714 77.714q-16 16-38.857 16t-38.857-16l-168-168-168 168q-16 16-38.857 16t-38.857-16l-77.714-77.714q-16-16-16-38.857t16-38.857l168-168-168-168q-16-16-16-38.857t16-38.857l77.714-77.714q16-16 38.857-16t38.857 16l168 168 168-168q16-16 38.857-16t38.857 16l77.714 77.714q16 16 16 38.857t-16 38.857l-168 168 168 168q16 16 16 38.857z"
				],
				"attrs": [],
				"isMulticolor": false,
				"tags": [
					"close",
					"remove",
					"times"
				],
				"defaultCode": 61453,
				"grid": 14
			},
			"attrs": [],
			"properties": {
				"id": 2,
				"order": 4,
				"name": "close, remove, times",
				"prevSize": 14,
				"code": 61453
			},
			"setIdx": 0,
			"setId": 3,
			"iconIdx": 2
		},
		{
			"icon": {
				"width": 877.7160930633545,
				"paths": [
					"M585.143 512q0-60.571-42.857-103.429t-103.429-42.857-103.429 42.857-42.857 103.429 42.857 103.429 103.429 42.857 103.429-42.857 42.857-103.429zM877.714 449.714v126.857q0 6.857-4.571 13.143t-11.429 7.429l-105.714 16q-10.857 30.857-22.286 52 20 28.571 61.143 78.857 5.714 6.857 5.714 14.286t-5.143 13.143q-15.429 21.143-56.571 61.714t-53.714 40.571q-6.857 0-14.857-5.143l-78.857-61.714q-25.143 13.143-52 21.714-9.143 77.714-16.571 106.286-4 16-20.571 16h-126.857q-8 0-14-4.857t-6.571-12.286l-16-105.143q-28-9.143-51.429-21.143l-80.571 61.143q-5.714 5.143-14.286 5.143-8 0-14.286-6.286-72-65.143-94.286-96-4-5.714-4-13.143 0-6.857 4.571-13.143 8.571-12 29.143-38t30.857-40.286q-15.429-28.571-23.429-56.571l-104.571-15.429q-7.429-1.143-12-7.143t-4.571-13.429v-126.857q0-6.857 4.571-13.143t10.857-7.429l106.286-16q8-26.286 22.286-52.571-22.857-32.571-61.143-78.857-5.714-6.857-5.714-13.714 0-5.714 5.143-13.143 14.857-20.571 56.286-61.429t54-40.857q7.429 0 14.857 5.714l78.857 61.143q25.143-13.143 52-21.714 9.143-77.714 16.571-106.286 4-16 20.571-16h126.857q8 0 14 4.857t6.571 12.286l16 105.143q28 9.143 51.429 21.143l81.143-61.143q5.143-5.143 13.714-5.143 7.429 0 14.286 5.714 73.714 68 94.286 97.143 4 4.571 4 12.571 0 6.857-4.571 13.143-8.571 12-29.143 38t-30.857 40.286q14.857 28.571 23.429 56l104.571 16q7.429 1.143 12 7.143t4.571 13.429z"
				],
				"attrs": [],
				"isMulticolor": false,
				"tags": [
					"cog",
					"gear"
				],
				"defaultCode": 61459,
				"grid": 14
			},
			"attrs": [],
			"properties": {
				"id": 3,
				"order": 3,
				"name": "cog, gear",
				"prevSize": 14,
				"code": 61459
			},
			"setIdx": 0,
			"setId": 3,
			"iconIdx": 3
		},
		{
			"icon": {
				"width": 804.5710134506226,
				"paths": [
					"M292.571 420.571v329.143q0 8-5.143 13.143t-13.143 5.143h-36.571q-8 0-13.143-5.143t-5.143-13.143v-329.143q0-8 5.143-13.143t13.143-5.143h36.571q8 0 13.143 5.143t5.143 13.143zM438.857 420.571v329.143q0 8-5.143 13.143t-13.143 5.143h-36.571q-8 0-13.143-5.143t-5.143-13.143v-329.143q0-8 5.143-13.143t13.143-5.143h36.571q8 0 13.143 5.143t5.143 13.143zM585.143 420.571v329.143q0 8-5.143 13.143t-13.143 5.143h-36.571q-8 0-13.143-5.143t-5.143-13.143v-329.143q0-8 5.143-13.143t13.143-5.143h36.571q8 0 13.143 5.143t5.143 13.143zM658.286 834.286v-541.714h-512v541.714q0 12.571 4 23.143t8.286 15.429 6 4.857h475.429q1.714 0 6-4.857t8.286-15.429 4-23.143zM274.286 219.429h256l-27.429-66.857q-4-5.143-9.714-6.286h-181.143q-5.714 1.143-9.714 6.286zM804.571 237.714v36.571q0 8-5.143 13.143t-13.143 5.143h-54.857v541.714q0 47.429-26.857 82t-64.571 34.571h-475.429q-37.714 0-64.571-33.429t-26.857-80.857v-544h-54.857q-8 0-13.143-5.143t-5.143-13.143v-36.571q0-8 5.143-13.143t13.143-5.143h176.571l40-95.429q8.571-21.143 30.857-36t45.143-14.857h182.857q22.857 0 45.143 14.857t30.857 36l40 95.429h176.571q8 0 13.143 5.143t5.143 13.143z"
				],
				"attrs": [],
				"isMulticolor": false,
				"tags": [
					"trash-o"
				],
				"defaultCode": 61460,
				"grid": 14
			},
			"attrs": [],
			"properties": {
				"id": 4,
				"order": 9,
				"name": "trash-o",
				"prevSize": 14,
				"code": 61460
			},
			"setIdx": 0,
			"setId": 3,
			"iconIdx": 4
		},
		{
			"icon": {
				"width": 877.7140070597306,
				"paths": [
					"M694.857 548.571v-73.143q0-14.857-10.857-25.714t-25.714-10.857h-146.286v-146.286q0-14.857-10.857-25.714t-25.714-10.857h-73.143q-14.857 0-25.714 10.857t-10.857 25.714v146.286h-146.286q-14.857 0-25.714 10.857t-10.857 25.714v73.143q0 14.857 10.857 25.714t25.714 10.857h146.286v146.286q0 14.857 10.857 25.714t25.714 10.857h73.143q14.857 0 25.714-10.857t10.857-25.714v-146.286h146.286q14.857 0 25.714-10.857t10.857-25.714zM877.714 512q0 119.429-58.857 220.286t-159.714 159.714-220.286 58.857-220.286-58.857-159.714-159.714-58.857-220.286 58.857-220.286 159.714-159.714 220.286-58.857 220.286 58.857 159.714 159.714 58.857 220.286z"
				],
				"attrs": [],
				"isMulticolor": false,
				"tags": [
					"plus-circle"
				],
				"defaultCode": 61525,
				"grid": 14
			},
			"attrs": [],
			"properties": {
				"id": 5,
				"order": 11,
				"name": "plus-circle",
				"prevSize": 14,
				"code": 61525
			},
			"setIdx": 0,
			"setId": 3,
			"iconIdx": 5
		},
		{
			"icon": {
				"width": 1023.9999694824219,
				"paths": [
					"M961.714 760.571l-94.857 94.286q-10.857 10.857-25.714 10.857t-25.714-10.857l-303.429-303.429-303.429 303.429q-10.857 10.857-25.714 10.857t-25.714-10.857l-94.857-94.286q-10.857-10.857-10.857-26t10.857-26l424-423.429q10.857-10.857 25.714-10.857t25.714 10.857l424 423.429q10.857 10.857 10.857 26t-10.857 26z"
				],
				"attrs": [],
				"isMulticolor": false,
				"tags": [
					"chevron-up"
				],
				"defaultCode": 61559,
				"grid": 14
			},
			"attrs": [],
			"properties": {
				"id": 6,
				"order": 1,
				"name": "chevron-up",
				"prevSize": 14,
				"code": 61559
			},
			"setIdx": 0,
			"setId": 3,
			"iconIdx": 6
		},
		{
			"icon": {
				"width": 1023.9999847412109,
				"paths": [
					"M961.714 461.714l-424 423.429q-10.857 10.857-25.714 10.857t-25.714-10.857l-424-423.429q-10.857-10.857-10.857-26t10.857-26l94.857-94.286q10.857-10.857 25.714-10.857t25.714 10.857l303.429 303.429 303.429-303.429q10.857-10.857 25.714-10.857t25.714 10.857l94.857 94.286q10.857 10.857 10.857 26t-10.857 26z"
				],
				"attrs": [],
				"isMulticolor": false,
				"tags": [
					"chevron-down"
				],
				"defaultCode": 61560,
				"grid": 14
			},
			"attrs": [],
			"properties": {
				"id": 7,
				"order": 2,
				"name": "chevron-down",
				"prevSize": 14,
				"code": 61560
			},
			"setIdx": 0,